{"cameraMode":{"drawMode":0,"name":"Shaded","section":"Shading Mode"},"sceneLighting":false,"audioPlay":false,"sceneViewState":{"m_AlwaysRefresh":false,"showFog":true,"showSkybox":false,"showFlares":true,"showImageEffects":true,"showParticleSystems":true,"showVisualEffectGraphs":true,"m_FxEnabled":true},"in2DMode":false,"pivot":{"x":-37.900001525878909,"y":1.9000000953674317,"z":-1.100000023841858},"rotation":{"x":0.013282259926199913,"y":-0.17901410162448884,"z":0.002415128517895937,"w":0.9837616086006165},"size":1.7281821966171265,"orthographic":false}